[
    {
        "title": "Vape Trends in 2025",
        "img": "images/blog1.jpg",
        "excerpt": "Explore the top vaping trends for this year...",
        "link": "blog1.html"
    },
    {
        "title": "How to Choose the Right Vape",
        "img": "images/blog2.jpg",
        "excerpt": "Your guide to selecting the perfect vape device...",
        "link": "blog2.html"
    },
    {
        "title": "UK Vape Regulations Update",
        "img": "images/blog3.jpg",
        "excerpt": "Everything you need to know about the latest rules...",
        "link": "blog3.html"
    }
]
